{
    "mainStar": {
        "name": "MainStar",
        "ID": 0,
        "diameter": 4.0,
        "revolutionSpeed": 0.0,
        "rotationSpeed": 0.6085353493690491,
        "distanceFromStar": 0.0,
        "angle": 0.0,
        "colorID": 0
    },
    "planetsData": [
        {
            "name": "Planet1",
            "ID": 1,
            "diameter": 0.699999988079071,
            "revolutionSpeed": 0.05000000074505806,
            "rotationSpeed": 0.10000000149011612,
            "distanceFromStar": 12.0,
            "angle": 0.0,
            "colorID": 1
        },
        {
            "name": "Planet2",
            "ID": 2,
            "diameter": 0.8999999761581421,
            "revolutionSpeed": 0.029999999329447748,
            "rotationSpeed": 0.10000000149011612,
            "distanceFromStar": 17.0,
            "angle": 0.0,
            "colorID": 2
        },
        {
            "name": "Planet3",
            "ID": 3,
            "diameter": 1.0,
            "revolutionSpeed": 0.019999999552965165,
            "rotationSpeed": 0.10000000149011612,
            "distanceFromStar": 23.0,
            "angle": 0.0,
            "colorID": 3
        },
        {
            "name": "Planet4",
            "ID": 4,
            "diameter": 0.6000000238418579,
            "revolutionSpeed": 0.009999999776482582,
            "rotationSpeed": 0.10000000149011612,
            "distanceFromStar": 30.0,
            "angle": 0.0,
            "colorID": 4
        }
    ]
}